"","Date","HomeTeam","AwayTeam","FTHG","FTAG","FTR"
"1","18/08/17","Bayern Munich","Leverkusen",3,1,"H"
"2","19/08/17","Hamburg","Augsburg",1,0,"H"
"3","19/08/17","Hertha","Stuttgart",2,0,"H"
"4","19/08/17","Hoffenheim","Werder Bremen",1,0,"H"
"5","19/08/17","Mainz","Hannover",0,1,"A"
"6","19/08/17","Schalke 04","RB Leipzig",2,0,"H"
"7","19/08/17","Wolfsburg","Dortmund",0,3,"A"
"8","20/08/17","Freiburg","Ein Frankfurt",0,0,"D"
"9","20/08/17","M'gladbach","FC Koln",1,0,"H"
"10","25/08/17","FC Koln","Hamburg",1,3,"A"
"11","26/08/17","Augsburg","M'gladbach",2,2,"D"
"12","26/08/17","Dortmund","Hertha",2,0,"H"
"13","26/08/17","Ein Frankfurt","Wolfsburg",0,1,"A"
"14","26/08/17","Leverkusen","Hoffenheim",2,2,"D"
"15","26/08/17","Stuttgart","Mainz",1,0,"H"
"16","26/08/17","Werder Bremen","Bayern Munich",0,2,"A"
"17","27/08/17","Hannover","Schalke 04",1,0,"H"
"18","27/08/17","RB Leipzig","Freiburg",4,1,"H"
"19","08/09/17","Hamburg","RB Leipzig",0,2,"A"
"20","09/09/17","Augsburg","FC Koln",3,0,"H"
"21","09/09/17","Freiburg","Dortmund",0,0,"D"
"22","09/09/17","Hoffenheim","Bayern Munich",2,0,"H"
"23","09/09/17","Mainz","Leverkusen",3,1,"H"
"24","09/09/17","M'gladbach","Ein Frankfurt",0,1,"A"
"25","09/09/17","Wolfsburg","Hannover",1,1,"D"
"26","10/09/17","Hertha","Werder Bremen",1,1,"D"
"27","10/09/17","Schalke 04","Stuttgart",3,1,"H"
"28","15/09/17","Hannover","Hamburg",2,0,"H"
"29","16/09/17","Bayern Munich","Mainz",4,0,"H"
"30","16/09/17","Ein Frankfurt","Augsburg",1,2,"A"
"31","16/09/17","RB Leipzig","M'gladbach",2,2,"D"
"32","16/09/17","Stuttgart","Wolfsburg",1,0,"H"
"33","16/09/17","Werder Bremen","Schalke 04",1,2,"A"
"34","17/09/17","Dortmund","FC Koln",5,0,"H"
"35","17/09/17","Hoffenheim","Hertha",1,1,"D"
"36","17/09/17","Leverkusen","Freiburg",4,0,"H"
"37","19/09/17","Augsburg","RB Leipzig",1,0,"H"
"38","19/09/17","M'gladbach","Stuttgart",2,0,"H"
"39","19/09/17","Schalke 04","Bayern Munich",0,3,"A"
"40","19/09/17","Wolfsburg","Werder Bremen",1,1,"D"
"41","20/09/17","FC Koln","Ein Frankfurt",0,1,"A"
"42","20/09/17","Freiburg","Hannover",1,1,"D"
"43","20/09/17","Hamburg","Dortmund",0,3,"A"
"44","20/09/17","Hertha","Leverkusen",2,1,"H"
"45","20/09/17","Mainz","Hoffenheim",2,3,"A"
"46","22/09/17","Bayern Munich","Wolfsburg",2,2,"D"
"47","23/09/17","Dortmund","M'gladbach",6,1,"H"
"48","23/09/17","Hoffenheim","Schalke 04",2,0,"H"
"49","23/09/17","Mainz","Hertha",1,0,"H"
"50","23/09/17","RB Leipzig","Ein Frankfurt",2,1,"H"
"51","23/09/17","Stuttgart","Augsburg",0,0,"D"
"52","23/09/17","Werder Bremen","Freiburg",0,0,"D"
"53","24/09/17","Hannover","FC Koln",0,0,"D"
"54","24/09/17","Leverkusen","Hamburg",3,0,"H"
"55","29/09/17","Schalke 04","Leverkusen",1,1,"D"
"56","30/09/17","Augsburg","Dortmund",1,2,"A"
"57","30/09/17","Ein Frankfurt","Stuttgart",2,1,"H"
"58","30/09/17","Hamburg","Werder Bremen",0,0,"D"
"59","30/09/17","M'gladbach","Hannover",2,1,"H"
"60","30/09/17","Wolfsburg","Mainz",1,1,"D"
"61","01/10/17","FC Koln","RB Leipzig",1,2,"A"
"62","01/10/17","Freiburg","Hoffenheim",3,2,"H"
"63","01/10/17","Hertha","Bayern Munich",2,2,"D"
"64","13/10/17","Stuttgart","FC Koln",2,1,"H"
"65","14/10/17","Bayern Munich","Freiburg",5,0,"H"
"66","14/10/17","Dortmund","RB Leipzig",2,3,"A"
"67","14/10/17","Hannover","Ein Frankfurt",1,2,"A"
"68","14/10/17","Hertha","Schalke 04",0,2,"A"
"69","14/10/17","Hoffenheim","Augsburg",2,2,"D"
"70","14/10/17","Mainz","Hamburg",3,2,"H"
"71","15/10/17","Leverkusen","Wolfsburg",2,2,"D"
"72","15/10/17","Werder Bremen","M'gladbach",0,2,"A"
"73","20/10/17","Schalke 04","Mainz",2,0,"H"
"74","21/10/17","Augsburg","Hannover",1,2,"A"
"75","21/10/17","Ein Frankfurt","Dortmund",2,2,"D"
"76","21/10/17","Hamburg","Bayern Munich",0,1,"A"
"77","21/10/17","M'gladbach","Leverkusen",1,5,"A"
"78","21/10/17","RB Leipzig","Stuttgart",1,0,"H"
"79","22/10/17","FC Koln","Werder Bremen",0,0,"D"
"80","22/10/17","Freiburg","Hertha",1,1,"D"
"81","22/10/17","Wolfsburg","Hoffenheim",1,1,"D"
"82","27/10/17","Mainz","Ein Frankfurt",1,1,"D"
"83","28/10/17","Bayern Munich","RB Leipzig",2,0,"H"
"84","28/10/17","Hannover","Dortmund",4,2,"H"
"85","28/10/17","Hertha","Hamburg",2,1,"H"
"86","28/10/17","Hoffenheim","M'gladbach",1,3,"A"
"87","28/10/17","Leverkusen","FC Koln",2,1,"H"
"88","28/10/17","Schalke 04","Wolfsburg",1,1,"D"
"89","29/10/17","Stuttgart","Freiburg",3,0,"H"
"90","29/10/17","Werder Bremen","Augsburg",0,3,"A"
"91","03/11/17","Ein Frankfurt","Werder Bremen",2,1,"H"
"92","04/11/17","Augsburg","Leverkusen",1,1,"D"
"93","04/11/17","Dortmund","Bayern Munich",1,3,"A"
"94","04/11/17","Freiburg","Schalke 04",0,1,"A"
"95","04/11/17","Hamburg","Stuttgart",3,1,"H"
"96","04/11/17","M'gladbach","Mainz",1,1,"D"
"97","04/11/17","RB Leipzig","Hannover",2,1,"H"
"98","05/11/17","FC Koln","Hoffenheim",0,3,"A"
"99","05/11/17","Wolfsburg","Hertha",3,3,"D"
"100","17/11/17","Stuttgart","Dortmund",2,1,"H"
"101","18/11/17","Bayern Munich","Augsburg",3,0,"H"
"102","18/11/17","Hertha","M'gladbach",2,4,"A"
"103","18/11/17","Hoffenheim","Ein Frankfurt",1,1,"D"
"104","18/11/17","Leverkusen","RB Leipzig",2,2,"D"
"105","18/11/17","Mainz","FC Koln",1,0,"H"
"106","18/11/17","Wolfsburg","Freiburg",3,1,"H"
"107","19/11/17","Schalke 04","Hamburg",2,0,"H"
"108","19/11/17","Werder Bremen","Hannover",4,0,"H"
"109","24/11/17","Hannover","Stuttgart",1,1,"D"
"110","25/11/17","Augsburg","Wolfsburg",2,1,"H"
"111","25/11/17","Dortmund","Schalke 04",4,4,"D"
"112","25/11/17","Ein Frankfurt","Leverkusen",0,1,"A"
"113","25/11/17","Freiburg","Mainz",2,1,"H"
"114","25/11/17","M'gladbach","Bayern Munich",2,1,"H"
"115","25/11/17","RB Leipzig","Werder Bremen",2,0,"H"
"116","26/11/17","FC Koln","Hertha",0,2,"A"
"117","26/11/17","Hamburg","Hoffenheim",3,0,"H"
"118","01/12/17","Freiburg","Hamburg",0,0,"D"
"119","02/12/17","Bayern Munich","Hannover",3,1,"H"
"120","02/12/17","Hoffenheim","RB Leipzig",4,0,"H"
"121","02/12/17","Leverkusen","Dortmund",1,1,"D"
"122","02/12/17","Mainz","Augsburg",1,3,"A"
"123","02/12/17","Schalke 04","FC Koln",2,2,"D"
"124","02/12/17","Werder Bremen","Stuttgart",1,0,"H"
"125","03/12/17","Hertha","Ein Frankfurt",1,2,"A"
"126","03/12/17","Wolfsburg","M'gladbach",3,0,"H"
"127","08/12/17","Stuttgart","Leverkusen",0,2,"A"
"128","09/12/17","Dortmund","Werder Bremen",1,2,"A"
"129","09/12/17","Ein Frankfurt","Bayern Munich",0,1,"A"
"130","09/12/17","Hamburg","Wolfsburg",0,0,"D"
"131","09/12/17","M'gladbach","Schalke 04",1,1,"D"
"132","09/12/17","RB Leipzig","Mainz",2,2,"D"
"133","10/12/17","Augsburg","Hertha",1,1,"D"
"134","10/12/17","FC Koln","Freiburg",3,4,"A"
"135","10/12/17","Hannover","Hoffenheim",2,0,"H"
"136","12/12/17","Freiburg","M'gladbach",1,0,"H"
"137","12/12/17","Hamburg","Ein Frankfurt",1,2,"A"
"138","12/12/17","Mainz","Dortmund",0,2,"A"
"139","12/12/17","Wolfsburg","RB Leipzig",1,1,"D"
"140","13/12/17","Bayern Munich","FC Koln",1,0,"H"
"141","13/12/17","Hertha","Hannover",3,1,"H"
"142","13/12/17","Hoffenheim","Stuttgart",1,0,"H"
"143","13/12/17","Leverkusen","Werder Bremen",1,0,"H"
"144","13/12/17","Schalke 04","Augsburg",3,2,"H"
"145","15/12/17","M'gladbach","Hamburg",3,1,"H"
"146","16/12/17","Augsburg","Freiburg",3,3,"D"
"147","16/12/17","Dortmund","Hoffenheim",2,1,"H"
"148","16/12/17","Ein Frankfurt","Schalke 04",2,2,"D"
"149","16/12/17","FC Koln","Wolfsburg",1,0,"H"
"150","16/12/17","Stuttgart","Bayern Munich",0,1,"A"
"151","16/12/17","Werder Bremen","Mainz",2,2,"D"
"152","17/12/17","Hannover","Leverkusen",4,4,"D"
"153","17/12/17","RB Leipzig","Hertha",2,3,"A"
"154","12/01/18","Leverkusen","Bayern Munich",1,3,"A"
"155","13/01/18","Augsburg","Hamburg",1,0,"H"
"156","13/01/18","Ein Frankfurt","Freiburg",1,1,"D"
"157","13/01/18","Hannover","Mainz",3,2,"H"
"158","13/01/18","RB Leipzig","Schalke 04",3,1,"H"
"159","13/01/18","Stuttgart","Hertha",1,0,"H"
"160","13/01/18","Werder Bremen","Hoffenheim",1,1,"D"
"161","14/01/18","Dortmund","Wolfsburg",0,0,"D"
"162","14/01/18","FC Koln","M'gladbach",2,1,"H"
"163","19/01/18","Hertha","Dortmund",1,1,"D"
"164","20/01/18","Freiburg","RB Leipzig",2,1,"H"
"165","20/01/18","Hamburg","FC Koln",0,2,"A"
"166","20/01/18","Hoffenheim","Leverkusen",1,4,"A"
"167","20/01/18","Mainz","Stuttgart",3,2,"H"
"168","20/01/18","M'gladbach","Augsburg",2,0,"H"
"169","20/01/18","Wolfsburg","Ein Frankfurt",1,3,"A"
"170","21/01/18","Bayern Munich","Werder Bremen",4,2,"H"
"171","21/01/18","Schalke 04","Hannover",1,1,"D"
"172","26/01/18","Ein Frankfurt","M'gladbach",2,0,"H"
"173","27/01/18","Bayern Munich","Hoffenheim",5,2,"H"
"174","27/01/18","Dortmund","Freiburg",2,2,"D"
"175","27/01/18","FC Koln","Augsburg",1,1,"D"
"176","27/01/18","RB Leipzig","Hamburg",1,1,"D"
"177","27/01/18","Stuttgart","Schalke 04",0,2,"A"
"178","27/01/18","Werder Bremen","Hertha",0,0,"D"
"179","28/01/18","Hannover","Wolfsburg",0,1,"A"
"180","28/01/18","Leverkusen","Mainz",2,0,"H"
"181","02/02/18","FC Koln","Dortmund",2,3,"A"
"182","03/02/18","Freiburg","Leverkusen",0,0,"D"
"183","03/02/18","Hertha","Hoffenheim",1,1,"D"
"184","03/02/18","Mainz","Bayern Munich",0,2,"A"
"185","03/02/18","M'gladbach","RB Leipzig",0,1,"A"
"186","03/02/18","Schalke 04","Werder Bremen",1,2,"A"
"187","03/02/18","Wolfsburg","Stuttgart",1,1,"D"
"188","04/02/18","Augsburg","Ein Frankfurt",3,0,"H"
"189","04/02/18","Hamburg","Hannover",1,1,"D"
"190","09/02/18","RB Leipzig","Augsburg",2,0,"H"
"191","10/02/18","Bayern Munich","Schalke 04",2,1,"H"
"192","10/02/18","Dortmund","Hamburg",2,0,"H"
"193","10/02/18","Ein Frankfurt","FC Koln",4,2,"H"
"194","10/02/18","Hannover","Freiburg",2,1,"H"
"195","10/02/18","Hoffenheim","Mainz",4,2,"H"
"196","10/02/18","Leverkusen","Hertha",0,2,"A"
"197","11/02/18","Stuttgart","M'gladbach",1,0,"H"
"198","11/02/18","Werder Bremen","Wolfsburg",3,1,"H"
"199","16/02/18","Hertha","Mainz",0,2,"A"
"200","17/02/18","FC Koln","Hannover",1,1,"D"
"201","17/02/18","Freiburg","Werder Bremen",1,0,"H"
"202","17/02/18","Hamburg","Leverkusen",1,2,"A"
"203","17/02/18","Schalke 04","Hoffenheim",2,1,"H"
"204","17/02/18","Wolfsburg","Bayern Munich",1,2,"A"
"205","18/02/18","Augsburg","Stuttgart",0,1,"A"
"206","18/02/18","M'gladbach","Dortmund",0,1,"A"
"207","19/02/18","Ein Frankfurt","RB Leipzig",2,1,"H"
"208","23/02/18","Mainz","Wolfsburg",1,1,"D"
"209","24/02/18","Bayern Munich","Hertha",0,0,"D"
"210","24/02/18","Hannover","M'gladbach",0,1,"A"
"211","24/02/18","Hoffenheim","Freiburg",1,1,"D"
"212","24/02/18","Stuttgart","Ein Frankfurt",1,0,"H"
"213","24/02/18","Werder Bremen","Hamburg",1,0,"H"
"214","25/02/18","Leverkusen","Schalke 04",0,2,"A"
"215","25/02/18","RB Leipzig","FC Koln",1,2,"A"
"216","26/02/18","Dortmund","Augsburg",1,1,"D"
"217","02/03/18","M'gladbach","Werder Bremen",2,2,"D"
"218","03/03/18","Augsburg","Hoffenheim",0,2,"A"
"219","03/03/18","Ein Frankfurt","Hannover",1,0,"H"
"220","03/03/18","Hamburg","Mainz",0,0,"D"
"221","03/03/18","RB Leipzig","Dortmund",1,1,"D"
"222","03/03/18","Schalke 04","Hertha",1,0,"H"
"223","03/03/18","Wolfsburg","Leverkusen",1,2,"A"
"224","04/03/18","FC Koln","Stuttgart",2,3,"A"
"225","04/03/18","Freiburg","Bayern Munich",0,4,"A"
"226","09/03/18","Mainz","Schalke 04",0,1,"A"
"227","10/03/18","Bayern Munich","Hamburg",6,0,"H"
"228","10/03/18","Hannover","Augsburg",1,3,"A"
"229","10/03/18","Hertha","Freiburg",0,0,"D"
"230","10/03/18","Hoffenheim","Wolfsburg",3,0,"H"
"231","10/03/18","Leverkusen","M'gladbach",2,0,"H"
"232","11/03/18","Dortmund","Ein Frankfurt",3,2,"H"
"233","11/03/18","Stuttgart","RB Leipzig",0,0,"D"
"234","12/03/18","Werder Bremen","FC Koln",3,1,"H"
"235","16/03/18","Freiburg","Stuttgart",1,2,"A"
"236","17/03/18","Augsburg","Werder Bremen",1,3,"A"
"237","17/03/18","Ein Frankfurt","Mainz",3,0,"H"
"238","17/03/18","Hamburg","Hertha",1,2,"A"
"239","17/03/18","M'gladbach","Hoffenheim",3,3,"D"
"240","17/03/18","Wolfsburg","Schalke 04",0,1,"A"
"241","18/03/18","Dortmund","Hannover",1,0,"H"
"242","18/03/18","FC Koln","Leverkusen",2,0,"H"
"243","18/03/18","RB Leipzig","Bayern Munich",2,1,"H"
"244","31/03/18","Bayern Munich","Dortmund",6,0,"H"
"245","31/03/18","Hannover","RB Leipzig",2,3,"A"
"246","31/03/18","Hertha","Wolfsburg",0,0,"D"
"247","31/03/18","Hoffenheim","FC Koln",6,0,"H"
"248","31/03/18","Leverkusen","Augsburg",0,0,"D"
"249","31/03/18","Schalke 04","Freiburg",2,0,"H"
"250","31/03/18","Stuttgart","Hamburg",1,1,"D"
"251","01/04/18","Mainz","M'gladbach",0,0,"D"
"252","01/04/18","Werder Bremen","Ein Frankfurt",2,1,"H"
"253","06/04/18","Hannover","Werder Bremen",2,1,"H"
"254","07/04/18","Augsburg","Bayern Munich",1,4,"A"
"255","07/04/18","FC Koln","Mainz",1,1,"D"
"256","07/04/18","Freiburg","Wolfsburg",0,2,"A"
"257","07/04/18","Hamburg","Schalke 04",3,2,"H"
"258","07/04/18","M'gladbach","Hertha",2,1,"H"
"259","08/04/18","Dortmund","Stuttgart",3,0,"H"
"260","08/04/18","Ein Frankfurt","Hoffenheim",1,1,"D"
"261","09/04/18","RB Leipzig","Leverkusen",1,4,"A"
"262","13/04/18","Wolfsburg","Augsburg",0,0,"D"
"263","14/04/18","Bayern Munich","M'gladbach",5,1,"H"
"264","14/04/18","Hertha","FC Koln",2,1,"H"
"265","14/04/18","Hoffenheim","Hamburg",2,0,"H"
"266","14/04/18","Leverkusen","Ein Frankfurt",4,1,"H"
"267","14/04/18","Stuttgart","Hannover",1,1,"D"
"268","15/04/18","Schalke 04","Dortmund",2,0,"H"
"269","15/04/18","Werder Bremen","RB Leipzig",1,1,"D"
"270","16/04/18","Mainz","Freiburg",2,0,"H"
"271","20/04/18","M'gladbach","Wolfsburg",3,0,"H"
"272","21/04/18","Dortmund","Leverkusen",4,0,"H"
"273","21/04/18","Ein Frankfurt","Hertha",0,3,"A"
"274","21/04/18","Hamburg","Freiburg",1,0,"H"
"275","21/04/18","Hannover","Bayern Munich",0,3,"A"
"276","21/04/18","RB Leipzig","Hoffenheim",2,5,"A"
"277","21/04/18","Stuttgart","Werder Bremen",2,0,"H"
"278","22/04/18","Augsburg","Mainz",2,0,"H"
"279","22/04/18","FC Koln","Schalke 04",2,2,"D"
"280","27/04/18","Hoffenheim","Hannover",3,1,"H"
"281","28/04/18","Bayern Munich","Ein Frankfurt",4,1,"H"
"282","28/04/18","Freiburg","FC Koln",3,2,"H"
"283","28/04/18","Hertha","Augsburg",2,2,"D"
"284","28/04/18","Leverkusen","Stuttgart",0,1,"A"
"285","28/04/18","Schalke 04","M'gladbach",1,1,"D"
"286","28/04/18","Wolfsburg","Hamburg",1,3,"A"
"287","29/04/18","Mainz","RB Leipzig",3,0,"H"
"288","29/04/18","Werder Bremen","Dortmund",1,1,"D"
"289","05/05/18","Augsburg","Schalke 04",1,2,"A"
"290","05/05/18","Dortmund","Mainz",1,2,"A"
"291","05/05/18","Ein Frankfurt","Hamburg",3,0,"H"
"292","05/05/18","FC Koln","Bayern Munich",1,3,"A"
"293","05/05/18","Hannover","Hertha",3,1,"H"
"294","05/05/18","M'gladbach","Freiburg",3,1,"H"
"295","05/05/18","RB Leipzig","Wolfsburg",4,1,"H"
"296","05/05/18","Stuttgart","Hoffenheim",2,0,"H"
"297","05/05/18","Werder Bremen","Leverkusen",0,0,"D"
"298","12/05/18","Bayern Munich","Stuttgart",1,4,"A"
"299","12/05/18","Freiburg","Augsburg",2,0,"H"
"300","12/05/18","Hamburg","M'gladbach",2,1,"H"
"301","12/05/18","Hertha","RB Leipzig",2,6,"A"
"302","12/05/18","Hoffenheim","Dortmund",3,1,"H"
"303","12/05/18","Leverkusen","Hannover",3,2,"H"
"304","12/05/18","Mainz","Werder Bremen",1,2,"A"
"305","12/05/18","Schalke 04","Ein Frankfurt",1,0,"H"
"306","12/05/18","Wolfsburg","FC Koln",4,1,"H"
"307","24/08/2018","Bayern Munich","Hoffenheim",3,1,"H"
"308","25/08/2018","Fortuna Dusseldorf","Augsburg",1,2,"A"
"309","25/08/2018","Freiburg","Ein Frankfurt",0,2,"A"
"310","25/08/2018","Hertha","Nurnberg",1,0,"H"
"311","25/08/2018","M'gladbach","Leverkusen",2,0,"H"
"312","25/08/2018","Werder Bremen","Hannover",1,1,"D"
"313","25/08/2018","Wolfsburg","Schalke 04",2,1,"H"
"314","26/08/2018","Dortmund","RB Leipzig",4,1,"H"
"315","26/08/2018","Mainz","Stuttgart",1,0,"H"
"316","31/08/2018","Hannover","Dortmund",0,0,"D"
"317","01/09/2018","Augsburg","M'gladbach",1,1,"D"
"318","01/09/2018","Ein Frankfurt","Werder Bremen",1,2,"A"
"319","01/09/2018","Hoffenheim","Freiburg",3,1,"H"
"320","01/09/2018","Leverkusen","Wolfsburg",1,3,"A"
"321","01/09/2018","Nurnberg","Mainz",1,1,"D"
"322","01/09/2018","Stuttgart","Bayern Munich",0,3,"A"
"323","02/09/2018","RB Leipzig","Fortuna Dusseldorf",1,1,"D"
"324","02/09/2018","Schalke 04","Hertha",0,2,"A"
"325","14/09/2018","Dortmund","Ein Frankfurt",3,1,"H"
"326","15/09/2018","Bayern Munich","Leverkusen",3,1,"H"
"327","15/09/2018","Fortuna Dusseldorf","Hoffenheim",2,1,"H"
"328","15/09/2018","Mainz","Augsburg",2,1,"H"
"329","15/09/2018","M'gladbach","Schalke 04",2,1,"H"
"330","15/09/2018","RB Leipzig","Hannover",3,2,"H"
"331","15/09/2018","Wolfsburg","Hertha",2,2,"D"
"332","16/09/2018","Freiburg","Stuttgart",3,3,"D"
"333","16/09/2018","Werder Bremen","Nurnberg",1,1,"D"
"334","21/09/2018","Stuttgart","Fortuna Dusseldorf",0,0,"D"
"335","22/09/2018","Augsburg","Werder Bremen",2,3,"A"
"336","22/09/2018","Hertha","M'gladbach",4,2,"H"
"337","22/09/2018","Hoffenheim","Dortmund",1,1,"D"
"338","22/09/2018","Nurnberg","Hannover",2,0,"H"
"339","22/09/2018","Schalke 04","Bayern Munich",0,2,"A"
"340","22/09/2018","Wolfsburg","Freiburg",1,3,"A"
"341","23/09/2018","Ein Frankfurt","RB Leipzig",1,1,"D"
"342","23/09/2018","Leverkusen","Mainz",1,0,"H"
"343","25/09/2018","Bayern Munich","Augsburg",1,1,"D"
"344","25/09/2018","Freiburg","Schalke 04",1,0,"H"
"345","25/09/2018","Hannover","Hoffenheim",1,3,"A"
"346","25/09/2018","Werder Bremen","Hertha",3,1,"H"
"347","26/09/2018","Dortmund","Nurnberg",7,0,"H"
"348","26/09/2018","Fortuna Dusseldorf","Leverkusen",1,2,"A"
"349","26/09/2018","Mainz","Wolfsburg",0,0,"D"
"350","26/09/2018","M'gladbach","Ein Frankfurt",3,1,"H"
"351","26/09/2018","RB Leipzig","Stuttgart",2,0,"H"
"352","28/09/2018","Hertha","Bayern Munich",2,0,"H"
"353","29/09/2018","Hoffenheim","RB Leipzig",1,2,"A"
"354","29/09/2018","Leverkusen","Dortmund",2,4,"A"
"355","29/09/2018","Nurnberg","Fortuna Dusseldorf",3,0,"H"
"356","29/09/2018","Schalke 04","Mainz",1,0,"H"
"357","29/09/2018","Stuttgart","Werder Bremen",2,1,"H"
"358","29/09/2018","Wolfsburg","M'gladbach",2,2,"D"
"359","30/09/2018","Augsburg","Freiburg",4,1,"H"
"360","30/09/2018","Ein Frankfurt","Hannover",4,1,"H"
"361","05/10/2018","Werder Bremen","Wolfsburg",2,0,"H"
"362","06/10/2018","Bayern Munich","M'gladbach",0,3,"A"
"363","06/10/2018","Dortmund","Augsburg",4,3,"H"
"364","06/10/2018","Fortuna Dusseldorf","Schalke 04",0,2,"A"
"365","06/10/2018","Hannover","Stuttgart",3,1,"H"
"366","06/10/2018","Mainz","Hertha",0,0,"D"
"367","07/10/2018","Freiburg","Leverkusen",0,0,"D"
"368","07/10/2018","Hoffenheim","Ein Frankfurt",1,2,"A"
"369","07/10/2018","RB Leipzig","Nurnberg",6,0,"H"
"370","19/10/2018","Ein Frankfurt","Fortuna Dusseldorf",7,1,"H"
"371","20/10/2018","Augsburg","RB Leipzig",0,0,"D"
"372","20/10/2018","Leverkusen","Hannover",2,2,"D"
"373","20/10/2018","Nurnberg","Hoffenheim",1,3,"A"
"374","20/10/2018","Schalke 04","Werder Bremen",0,2,"A"
"375","20/10/2018","Stuttgart","Dortmund",0,4,"A"
"376","20/10/2018","Wolfsburg","Bayern Munich",1,3,"A"
"377","21/10/2018","Hertha","Freiburg",1,1,"D"
"378","21/10/2018","M'gladbach","Mainz",4,0,"H"
"379","26/10/2018","Freiburg","M'gladbach",3,1,"H"
"380","27/10/2018","Dortmund","Hertha",2,2,"D"
"381","27/10/2018","Fortuna Dusseldorf","Wolfsburg",0,3,"A"
"382","27/10/2018","Hannover","Augsburg",1,2,"A"
"383","27/10/2018","Hoffenheim","Stuttgart",4,0,"H"
"384","27/10/2018","Mainz","Bayern Munich",1,2,"A"
"385","28/10/2018","Nurnberg","Ein Frankfurt",1,1,"D"
"386","28/10/2018","RB Leipzig","Schalke 04",0,0,"D"
"387","28/10/2018","Werder Bremen","Leverkusen",2,6,"A"
"388","02/11/2018","Stuttgart","Ein Frankfurt",0,3,"A"
"389","03/11/2018","Augsburg","Nurnberg",2,2,"D"
"390","03/11/2018","Bayern Munich","Freiburg",1,1,"D"
"391","03/11/2018","Hertha","RB Leipzig",0,3,"A"
"392","03/11/2018","Leverkusen","Hoffenheim",1,4,"A"
"393","03/11/2018","Schalke 04","Hannover",3,1,"H"
"394","03/11/2018","Wolfsburg","Dortmund",0,1,"A"
"395","04/11/2018","Mainz","Werder Bremen",2,1,"H"
"396","04/11/2018","M'gladbach","Fortuna Dusseldorf",3,0,"H"
"397","09/11/2018","Hannover","Wolfsburg",2,1,"H"
"398","10/11/2018","Dortmund","Bayern Munich",3,2,"H"
"399","10/11/2018","Fortuna Dusseldorf","Hertha",4,1,"H"
"400","10/11/2018","Freiburg","Mainz",1,3,"A"
"401","10/11/2018","Hoffenheim","Augsburg",2,1,"H"
"402","10/11/2018","Nurnberg","Stuttgart",0,2,"A"
"403","10/11/2018","Werder Bremen","M'gladbach",1,3,"A"
"404","11/11/2018","Ein Frankfurt","Schalke 04",3,0,"H"
"405","11/11/2018","RB Leipzig","Leverkusen",3,0,"H"
"406","23/11/2018","Leverkusen","Stuttgart",2,0,"H"
"407","24/11/2018","Augsburg","Ein Frankfurt",1,3,"A"
"408","24/11/2018","Bayern Munich","Fortuna Dusseldorf",3,3,"D"
"409","24/11/2018","Hertha","Hoffenheim",3,3,"D"
"410","24/11/2018","Mainz","Dortmund",1,2,"A"
"411","24/11/2018","Schalke 04","Nurnberg",5,2,"H"
"412","24/11/2018","Wolfsburg","RB Leipzig",1,0,"H"
"413","25/11/2018","Freiburg","Werder Bremen",1,1,"D"
"414","25/11/2018","M'gladbach","Hannover",4,1,"H"
"415","30/11/2018","Fortuna Dusseldorf","Mainz",0,1,"A"
"416","01/12/2018","Dortmund","Freiburg",2,0,"H"
"417","01/12/2018","Hannover","Hertha",0,2,"A"
"418","01/12/2018","Hoffenheim","Schalke 04",1,1,"D"
"419","01/12/2018","Stuttgart","Augsburg",1,0,"H"
"420","01/12/2018","Werder Bremen","Bayern Munich",1,2,"A"
"421","02/12/2018","Ein Frankfurt","Wolfsburg",1,2,"A"
"422","02/12/2018","RB Leipzig","M'gladbach",2,0,"H"
"423","03/12/2018","Nurnberg","Leverkusen",1,1,"D"
"424","07/12/2018","Werder Bremen","Fortuna Dusseldorf",3,1,"H"
"425","08/12/2018","Bayern Munich","Nurnberg",3,0,"H"
"426","08/12/2018","Freiburg","RB Leipzig",3,0,"H"
"427","08/12/2018","Hertha","Ein Frankfurt",1,0,"H"
"428","08/12/2018","Leverkusen","Augsburg",1,0,"H"
"429","08/12/2018","Schalke 04","Dortmund",1,2,"A"
"430","08/12/2018","Wolfsburg","Hoffenheim",2,2,"D"
"431","09/12/2018","Mainz","Hannover",1,1,"D"
"432","09/12/2018","M'gladbach","Stuttgart",3,0,"H"
"433","14/12/2018","Nurnberg","Wolfsburg",0,2,"A"
"434","15/12/2018","Augsburg","Schalke 04",1,1,"D"
"435","15/12/2018","Dortmund","Werder Bremen",2,1,"H"
"436","15/12/2018","Fortuna Dusseldorf","Freiburg",2,0,"H"
"437","15/12/2018","Hannover","Bayern Munich",0,4,"A"
"438","15/12/2018","Hoffenheim","M'gladbach",0,0,"D"
"439","15/12/2018","Stuttgart","Hertha",2,1,"H"
"440","16/12/2018","Ein Frankfurt","Leverkusen",2,1,"H"
"441","16/12/2018","RB Leipzig","Mainz",4,1,"H"
"442","18/12/2018","Fortuna Dusseldorf","Dortmund",2,1,"H"
"443","18/12/2018","Hertha","Augsburg",2,2,"D"
"444","18/12/2018","M'gladbach","Nurnberg",2,0,"H"
"445","18/12/2018","Wolfsburg","Stuttgart",2,0,"H"
"446","19/12/2018","Bayern Munich","RB Leipzig",1,0,"H"
"447","19/12/2018","Freiburg","Hannover",1,1,"D"
"448","19/12/2018","Mainz","Ein Frankfurt",2,2,"D"
"449","19/12/2018","Schalke 04","Leverkusen",1,2,"A"
"450","19/12/2018","Werder Bremen","Hoffenheim",1,1,"D"
"451","21/12/2018","Dortmund","M'gladbach",2,1,"H"
"452","22/12/2018","Ein Frankfurt","Bayern Munich",0,3,"A"
"453","22/12/2018","Hannover","Fortuna Dusseldorf",0,1,"A"
"454","22/12/2018","Leverkusen","Hertha",3,1,"H"
"455","22/12/2018","Nurnberg","Freiburg",0,1,"A"
"456","22/12/2018","RB Leipzig","Werder Bremen",3,2,"H"
"457","22/12/2018","Stuttgart","Schalke 04",1,3,"A"
"458","23/12/2018","Augsburg","Wolfsburg",2,3,"A"
"459","23/12/2018","Hoffenheim","Mainz",1,1,"D"
"460","18/01/2019","Hoffenheim","Bayern Munich",1,3,"A"
"461","19/01/2019","Augsburg","Fortuna Dusseldorf",1,2,"A"
"462","19/01/2019","Ein Frankfurt","Freiburg",3,1,"H"
"463","19/01/2019","Hannover","Werder Bremen",0,1,"A"
"464","19/01/2019","Leverkusen","M'gladbach",0,1,"A"
"465","19/01/2019","RB Leipzig","Dortmund",0,1,"A"
"466","19/01/2019","Stuttgart","Mainz",2,3,"A"
"467","20/01/2019","Nurnberg","Hertha",1,3,"A"
"468","20/01/2019","Schalke 04","Wolfsburg",2,1,"H"
"469","25/01/2019","Hertha","Schalke 04",2,2,"D"
"470","26/01/2019","Dortmund","Hannover",5,1,"H"
"471","26/01/2019","Freiburg","Hoffenheim",2,4,"A"
"472","26/01/2019","Mainz","Nurnberg",2,1,"H"
"473","26/01/2019","M'gladbach","Augsburg",2,0,"H"
"474","26/01/2019","Werder Bremen","Ein Frankfurt",2,2,"D"
"475","26/01/2019","Wolfsburg","Leverkusen",0,3,"A"
"476","27/01/2019","Bayern Munich","Stuttgart",4,1,"H"
"477","27/01/2019","Fortuna Dusseldorf","RB Leipzig",0,4,"A"
"478","01/02/2019","Hannover","RB Leipzig",0,3,"A"
"479","02/02/2019","Ein Frankfurt","Dortmund",1,1,"D"
"480","02/02/2019","Hertha","Wolfsburg",0,1,"A"
"481","02/02/2019","Hoffenheim","Fortuna Dusseldorf",1,1,"D"
"482","02/02/2019","Leverkusen","Bayern Munich",3,1,"H"
"483","02/02/2019","Nurnberg","Werder Bremen",1,1,"D"
"484","02/02/2019","Schalke 04","M'gladbach",0,2,"A"
"485","03/02/2019","Augsburg","Mainz",3,0,"H"
"486","03/02/2019","Stuttgart","Freiburg",2,2,"D"
"487","08/02/2019","Mainz","Leverkusen",1,5,"A"
"488","09/02/2019","Bayern Munich","Schalke 04",3,1,"H"
"489","09/02/2019","Dortmund","Hoffenheim",3,3,"D"
"490","09/02/2019","Freiburg","Wolfsburg",3,3,"D"
"491","09/02/2019","Hannover","Nurnberg",2,0,"H"
"492","09/02/2019","M'gladbach","Hertha",0,3,"A"
"493","09/02/2019","RB Leipzig","Ein Frankfurt",0,0,"D"
"494","10/02/2019","Fortuna Dusseldorf","Stuttgart",3,0,"H"
"495","10/02/2019","Werder Bremen","Augsburg",4,0,"H"
"496","15/02/2019","Augsburg","Bayern Munich",2,3,"A"
"497","16/02/2019","Hertha","Werder Bremen",1,1,"D"
"498","16/02/2019","Hoffenheim","Hannover",3,0,"H"
"499","16/02/2019","Schalke 04","Freiburg",0,0,"D"
"500","16/02/2019","Stuttgart","RB Leipzig",1,3,"A"
"501","16/02/2019","Wolfsburg","Mainz",3,0,"H"
"502","17/02/2019","Ein Frankfurt","M'gladbach",1,1,"D"
"503","17/02/2019","Leverkusen","Fortuna Dusseldorf",2,0,"H"
"504","18/02/2019","Nurnberg","Dortmund",0,0,"D"
"505","22/02/2019","Werder Bremen","Stuttgart",1,1,"D"
"506","23/02/2019","Bayern Munich","Hertha",1,0,"H"
"507","23/02/2019","Fortuna Dusseldorf","Nurnberg",2,1,"H"
"508","23/02/2019","Freiburg","Augsburg",5,1,"H"
"509","23/02/2019","Mainz","Schalke 04",3,0,"H"
"510","23/02/2019","M'gladbach","Wolfsburg",0,3,"A"
"511","24/02/2019","Dortmund","Leverkusen",3,2,"H"
"512","24/02/2019","Hannover","Ein Frankfurt",0,3,"A"
"513","25/02/2019","RB Leipzig","Hoffenheim",1,1,"D"
"514","01/03/2019","Augsburg","Dortmund",2,1,"H"
"515","02/03/2019","Ein Frankfurt","Hoffenheim",3,2,"H"
"516","02/03/2019","Hertha","Mainz",2,1,"H"
"517","02/03/2019","Leverkusen","Freiburg",2,0,"H"
"518","02/03/2019","M'gladbach","Bayern Munich",1,5,"A"
"519","02/03/2019","Nurnberg","RB Leipzig",0,1,"A"
"520","02/03/2019","Schalke 04","Fortuna Dusseldorf",0,4,"A"
"521","03/03/2019","Stuttgart","Hannover",5,1,"H"
"522","03/03/2019","Wolfsburg","Werder Bremen",1,1,"D"
"523","08/03/2019","Werder Bremen","Schalke 04",4,2,"H"
"524","09/03/2019","Bayern Munich","Wolfsburg",6,0,"H"
"525","09/03/2019","Dortmund","Stuttgart",3,1,"H"
"526","09/03/2019","Freiburg","Hertha",2,1,"H"
"527","09/03/2019","Mainz","M'gladbach",0,1,"A"
"528","09/03/2019","RB Leipzig","Augsburg",0,0,"D"
"529","10/03/2019","Hannover","Leverkusen",2,3,"A"
"530","10/03/2019","Hoffenheim","Nurnberg",2,1,"H"
"531","11/03/2019","Fortuna Dusseldorf","Ein Frankfurt",0,3,"A"
"532","15/03/2019","M'gladbach","Freiburg",1,1,"D"
"533","16/03/2019","Augsburg","Hannover",3,1,"H"
"534","16/03/2019","Hertha","Dortmund",2,3,"A"
"535","16/03/2019","Schalke 04","RB Leipzig",0,1,"A"
"536","16/03/2019","Stuttgart","Hoffenheim",1,1,"D"
"537","16/03/2019","Wolfsburg","Fortuna Dusseldorf",5,2,"H"
"538","17/03/2019","Bayern Munich","Mainz",6,0,"H"
"539","17/03/2019","Ein Frankfurt","Nurnberg",1,0,"H"
"540","17/03/2019","Leverkusen","Werder Bremen",1,3,"A"
"541","29/03/2019","Hoffenheim","Leverkusen",4,1,"H"
"542","30/03/2019","Dortmund","Wolfsburg",2,0,"H"
"543","30/03/2019","Fortuna Dusseldorf","M'gladbach",3,1,"H"
"544","30/03/2019","Freiburg","Bayern Munich",1,1,"D"
"545","30/03/2019","Nurnberg","Augsburg",3,0,"H"
"546","30/03/2019","RB Leipzig","Hertha",5,0,"H"
"547","30/03/2019","Werder Bremen","Mainz",3,1,"H"
"548","31/03/2019","Ein Frankfurt","Stuttgart",3,0,"H"
"549","31/03/2019","Hannover","Schalke 04",0,1,"A"
"550","05/04/2019","Mainz","Freiburg",5,0,"H"
"551","06/04/2019","Bayern Munich","Dortmund",5,0,"H"
"552","06/04/2019","Hertha","Fortuna Dusseldorf",1,2,"A"
"553","06/04/2019","Leverkusen","RB Leipzig",2,4,"A"
"554","06/04/2019","Schalke 04","Ein Frankfurt",1,2,"A"
"555","06/04/2019","Stuttgart","Nurnberg",1,1,"D"
"556","06/04/2019","Wolfsburg","Hannover",3,1,"H"
"557","07/04/2019","Augsburg","Hoffenheim",0,4,"A"
"558","07/04/2019","M'gladbach","Werder Bremen",1,1,"D"
"559","12/04/2019","Nurnberg","Schalke 04",1,1,"D"
"560","13/04/2019","Dortmund","Mainz",2,1,"H"
"561","13/04/2019","Hannover","M'gladbach",0,1,"A"
"562","13/04/2019","RB Leipzig","Wolfsburg",2,0,"H"
"563","13/04/2019","Stuttgart","Leverkusen",0,1,"A"
"564","13/04/2019","Werder Bremen","Freiburg",2,1,"H"
"565","14/04/2019","Ein Frankfurt","Augsburg",1,3,"A"
"566","14/04/2019","Fortuna Dusseldorf","Bayern Munich",1,4,"A"
"567","14/04/2019","Hoffenheim","Hertha",2,0,"H"
"568","20/04/2019","Augsburg","Stuttgart",6,0,"H"
"569","20/04/2019","Bayern Munich","Werder Bremen",1,0,"H"
"570","20/04/2019","Leverkusen","Nurnberg",2,0,"H"
"571","20/04/2019","Mainz","Fortuna Dusseldorf",3,1,"H"
"572","20/04/2019","M'gladbach","RB Leipzig",1,2,"A"
"573","20/04/2019","Schalke 04","Hoffenheim",2,5,"A"
"574","21/04/2019","Freiburg","Dortmund",0,4,"A"
"575","21/04/2019","Hertha","Hannover",0,0,"D"
"576","22/04/2019","Wolfsburg","Ein Frankfurt",1,1,"D"
"577","26/04/2019","Augsburg","Leverkusen",1,4,"A"
"578","27/04/2019","Dortmund","Schalke 04",2,4,"A"
"579","27/04/2019","Ein Frankfurt","Hertha",0,0,"D"
"580","27/04/2019","Fortuna Dusseldorf","Werder Bremen",4,1,"H"
"581","27/04/2019","Hannover","Mainz",1,0,"H"
"582","27/04/2019","RB Leipzig","Freiburg",2,1,"H"
"583","27/04/2019","Stuttgart","M'gladbach",1,0,"H"
"584","28/04/2019","Hoffenheim","Wolfsburg",1,4,"A"
"585","28/04/2019","Nurnberg","Bayern Munich",1,1,"D"
"586","03/05/2019","Mainz","RB Leipzig",3,3,"D"
"587","04/05/2019","Bayern Munich","Hannover",3,1,"H"
"588","04/05/2019","Hertha","Stuttgart",3,1,"H"
"589","04/05/2019","M'gladbach","Hoffenheim",2,2,"D"
"590","04/05/2019","Werder Bremen","Dortmund",2,2,"D"
"591","04/05/2019","Wolfsburg","Nurnberg",2,0,"H"
"592","05/05/2019","Freiburg","Fortuna Dusseldorf",1,1,"D"
"593","05/05/2019","Leverkusen","Ein Frankfurt",6,1,"H"
"594","05/05/2019","Schalke 04","Augsburg",0,0,"D"
"595","11/05/2019","Augsburg","Hertha",3,4,"A"
"596","11/05/2019","Dortmund","Fortuna Dusseldorf",3,2,"H"
"597","11/05/2019","Hannover","Freiburg",3,0,"H"
"598","11/05/2019","Hoffenheim","Werder Bremen",0,1,"A"
"599","11/05/2019","Leverkusen","Schalke 04",1,1,"D"
"600","11/05/2019","Nurnberg","M'gladbach",0,4,"A"
"601","11/05/2019","RB Leipzig","Bayern Munich",0,0,"D"
"602","11/05/2019","Stuttgart","Wolfsburg",3,0,"H"
"603","12/05/2019","Ein Frankfurt","Mainz",0,2,"A"
"604","18/05/2019","Bayern Munich","Ein Frankfurt",5,1,"H"
"605","18/05/2019","Fortuna Dusseldorf","Hannover",2,1,"H"
"606","18/05/2019","Freiburg","Nurnberg",5,1,"H"
"607","18/05/2019","Hertha","Leverkusen",1,5,"A"
"608","18/05/2019","Mainz","Hoffenheim",4,2,"H"
"609","18/05/2019","M'gladbach","Dortmund",0,2,"A"
"610","18/05/2019","Schalke 04","Stuttgart",0,0,"D"
"611","18/05/2019","Werder Bremen","RB Leipzig",2,1,"H"
"612","18/05/2019","Wolfsburg","Augsburg",8,1,"H"
"613","16/08/2019","Bayern Munich","Hertha",2,2,"D"
"614","17/08/2019","Dortmund","Augsburg",5,1,"H"
"615","17/08/2019","Freiburg","Mainz",3,0,"H"
"616","17/08/2019","Leverkusen","Paderborn",3,2,"H"
"617","17/08/2019","Werder Bremen","Fortuna Dusseldorf",1,3,"A"
"618","17/08/2019","Wolfsburg","FC Koln",2,1,"H"
"619","17/08/2019","M'gladbach","Schalke 04",0,0,"D"
"620","18/08/2019","Ein Frankfurt","Hoffenheim",1,0,"H"
"621","18/08/2019","Union Berlin","RB Leipzig",0,4,"A"
"622","23/08/2019","FC Koln","Dortmund",1,3,"A"
"623","24/08/2019","Augsburg","Union Berlin",1,1,"D"
"624","24/08/2019","Fortuna Dusseldorf","Leverkusen",1,3,"A"
"625","24/08/2019","Hoffenheim","Werder Bremen",3,2,"H"
"626","24/08/2019","Mainz","M'gladbach",1,3,"A"
"627","24/08/2019","Paderborn","Freiburg",1,3,"A"
"628","24/08/2019","Schalke 04","Bayern Munich",0,3,"A"
"629","25/08/2019","RB Leipzig","Ein Frankfurt",2,1,"H"
"630","25/08/2019","Hertha","Wolfsburg",0,3,"A"
"631","30/08/2019","M'gladbach","RB Leipzig",1,3,"A"
"632","31/08/2019","Bayern Munich","Mainz",6,1,"H"
"633","31/08/2019","Freiburg","FC Koln",1,2,"A"
"634","31/08/2019","Leverkusen","Hoffenheim",0,0,"D"
"635","31/08/2019","Schalke 04","Hertha",3,0,"H"
"636","31/08/2019","Wolfsburg","Paderborn",1,1,"D"
"637","31/08/2019","Union Berlin","Dortmund",3,1,"H"
"638","01/09/2019","Werder Bremen","Augsburg",3,2,"H"
"639","01/09/2019","Ein Frankfurt","Fortuna Dusseldorf",2,1,"H"
"640","13/09/2019","Fortuna Dusseldorf","Wolfsburg",1,1,"D"
"641","14/09/2019","Augsburg","Ein Frankfurt",2,1,"H"
"642","14/09/2019","Dortmund","Leverkusen",4,0,"H"
"643","14/09/2019","FC Koln","M'gladbach",0,1,"A"
"644","14/09/2019","Mainz","Hertha",2,1,"H"
"645","14/09/2019","Union Berlin","Werder Bremen",1,2,"A"
"646","14/09/2019","RB Leipzig","Bayern Munich",1,1,"D"
"647","15/09/2019","Hoffenheim","Freiburg",0,3,"A"
"648","15/09/2019","Paderborn","Schalke 04",1,5,"A"
"649","20/09/2019","Schalke 04","Mainz",2,1,"H"
"650","21/09/2019","Bayern Munich","FC Koln",4,0,"H"
"651","21/09/2019","Freiburg","Augsburg",1,1,"D"
"652","21/09/2019","Hertha","Paderborn",2,1,"H"
"653","21/09/2019","Leverkusen","Union Berlin",2,0,"H"
"654","21/09/2019","Werder Bremen","RB Leipzig",0,3,"A"
"655","22/09/2019","M'gladbach","Fortuna Dusseldorf",2,1,"H"
"656","22/09/2019","Ein Frankfurt","Dortmund",2,2,"D"
"657","23/09/2019","Wolfsburg","Hoffenheim",1,1,"D"
"658","27/09/2019","Union Berlin","Ein Frankfurt",1,2,"A"
"659","28/09/2019","Augsburg","Leverkusen",0,3,"A"
"660","28/09/2019","Hoffenheim","M'gladbach",0,3,"A"
"661","28/09/2019","Mainz","Wolfsburg",0,1,"A"
"662","28/09/2019","Paderborn","Bayern Munich",2,3,"A"
"663","28/09/2019","RB Leipzig","Schalke 04",1,3,"A"
"664","28/09/2019","Dortmund","Werder Bremen",2,2,"D"
"665","29/09/2019","Fortuna Dusseldorf","Freiburg",1,2,"A"
"666","29/09/2019","FC Koln","Hertha",0,4,"A"
"667","04/10/2019","Hertha","Fortuna Dusseldorf",3,1,"H"
"668","05/10/2019","Bayern Munich","Hoffenheim",1,2,"A"
"669","05/10/2019","Freiburg","Dortmund",2,2,"D"
"670","05/10/2019","Leverkusen","RB Leipzig",1,1,"D"
"671","05/10/2019","Paderborn","Mainz",1,2,"A"
"672","05/10/2019","Schalke 04","FC Koln",1,1,"D"
"673","06/10/2019","M'gladbach","Augsburg",5,1,"H"
"674","06/10/2019","Wolfsburg","Union Berlin",1,0,"H"
"675","06/10/2019","Ein Frankfurt","Werder Bremen",2,2,"D"
"676","18/10/2019","Ein Frankfurt","Leverkusen",3,0,"H"
"677","19/10/2019","Augsburg","Bayern Munich",2,2,"D"
"678","19/10/2019","Fortuna Dusseldorf","Mainz",1,0,"H"
"679","19/10/2019","RB Leipzig","Wolfsburg",1,1,"D"
"680","19/10/2019","Union Berlin","Freiburg",2,0,"H"
"681","19/10/2019","Werder Bremen","Hertha",1,1,"D"
"682","19/10/2019","Dortmund","M'gladbach",1,0,"H"
"683","20/10/2019","FC Koln","Paderborn",3,0,"H"
"684","20/10/2019","Hoffenheim","Schalke 04",2,0,"H"
"685","25/10/2019","Mainz","FC Koln",3,1,"H"
"686","26/10/2019","Bayern Munich","Union Berlin",2,1,"H"
"687","26/10/2019","Freiburg","RB Leipzig",2,1,"H"
"688","26/10/2019","Hertha","Hoffenheim",2,3,"A"
"689","26/10/2019","Paderborn","Fortuna Dusseldorf",2,0,"H"
"690","26/10/2019","Schalke 04","Dortmund",0,0,"D"
"691","26/10/2019","Leverkusen","Werder Bremen",2,2,"D"
"692","27/10/2019","Wolfsburg","Augsburg",0,0,"D"
"693","27/10/2019","M'gladbach","Ein Frankfurt",4,2,"H"
"694","01/11/2019","Hoffenheim","Paderborn",3,0,"H"
"695","02/11/2019","Dortmund","Wolfsburg",3,0,"H"
"696","02/11/2019","Ein Frankfurt","Bayern Munich",5,1,"H"
"697","02/11/2019","Leverkusen","M'gladbach",1,2,"A"
"698","02/11/2019","RB Leipzig","Mainz",8,0,"H"
"699","02/11/2019","Werder Bremen","Freiburg",2,2,"D"
"700","02/11/2019","Union Berlin","Hertha",1,0,"H"
"701","03/11/2019","Fortuna Dusseldorf","FC Koln",2,0,"H"
"702","03/11/2019","Augsburg","Schalke 04",2,3,"A"
"703","08/11/2019","FC Koln","Hoffenheim",1,2,"A"
"704","09/11/2019","Hertha","RB Leipzig",2,4,"A"
"705","09/11/2019","Mainz","Union Berlin",2,3,"A"
"706","09/11/2019","Paderborn","Augsburg",0,1,"A"
"707","09/11/2019","Schalke 04","Fortuna Dusseldorf",3,3,"D"
"708","09/11/2019","Bayern Munich","Dortmund",4,0,"H"
"709","10/11/2019","M'gladbach","Werder Bremen",3,1,"H"
"710","10/11/2019","Wolfsburg","Leverkusen",0,2,"A"
"711","10/11/2019","Freiburg","Ein Frankfurt",1,0,"H"
"712","22/11/2019","Dortmund","Paderborn",3,3,"D"
"713","23/11/2019","Ein Frankfurt","Wolfsburg",0,2,"A"
"714","23/11/2019","Fortuna Dusseldorf","Bayern Munich",0,4,"A"
"715","23/11/2019","Leverkusen","Freiburg",1,1,"D"
"716","23/11/2019","Union Berlin","M'gladbach",2,0,"H"
"717","23/11/2019","Werder Bremen","Schalke 04",1,2,"A"
"718","23/11/2019","RB Leipzig","FC Koln",4,1,"H"
"719","24/11/2019","Augsburg","Hertha",4,0,"H"
"720","24/11/2019","Hoffenheim","Mainz",1,5,"A"
"721","29/11/2019","Schalke 04","Union Berlin",2,1,"H"
"722","30/11/2019","FC Koln","Augsburg",1,1,"D"
"723","30/11/2019","Hertha","Dortmund",1,2,"A"
"724","30/11/2019","Hoffenheim","Fortuna Dusseldorf",1,1,"D"
"725","30/11/2019","Paderborn","RB Leipzig",2,3,"A"
"726","30/11/2019","Bayern Munich","Leverkusen",1,2,"A"
"727","01/12/2019","M'gladbach","Freiburg",4,2,"H"
"728","01/12/2019","Wolfsburg","Werder Bremen",2,3,"A"
"729","02/12/2019","Mainz","Ein Frankfurt",2,1,"H"
"730","06/12/2019","Ein Frankfurt","Hertha",2,2,"D"
"731","07/12/2019","Augsburg","Mainz",2,1,"H"
"732","07/12/2019","Dortmund","Fortuna Dusseldorf",5,0,"H"
"733","07/12/2019","Freiburg","Wolfsburg",1,0,"H"
"734","07/12/2019","M'gladbach","Bayern Munich",2,1,"H"
"735","07/12/2019","RB Leipzig","Hoffenheim",3,1,"H"
"736","07/12/2019","Leverkusen","Schalke 04",2,1,"H"
"737","08/12/2019","Union Berlin","FC Koln",2,0,"H"
"738","08/12/2019","Werder Bremen","Paderborn",0,1,"A"
"739","13/12/2019","Hoffenheim","Augsburg",2,4,"A"
"740","14/12/2019","Bayern Munich","Werder Bremen",6,1,"H"
"741","14/12/2019","FC Koln","Leverkusen",2,0,"H"
"742","14/12/2019","Hertha","Freiburg",1,0,"H"
"743","14/12/2019","Mainz","Dortmund",0,4,"A"
"744","14/12/2019","Paderborn","Union Berlin",1,1,"D"
"745","14/12/2019","Fortuna Dusseldorf","RB Leipzig",0,3,"A"
"746","15/12/2019","Wolfsburg","M'gladbach",2,1,"H"
"747","15/12/2019","Schalke 04","Ein Frankfurt",1,0,"H"
"748","17/12/2019","Werder Bremen","Mainz",0,5,"A"
"749","17/12/2019","Augsburg","Fortuna Dusseldorf",3,0,"H"
"750","17/12/2019","Dortmund","RB Leipzig",3,3,"D"
"751","17/12/2019","Union Berlin","Hoffenheim",0,2,"A"
"752","18/12/2019","Leverkusen","Hertha",0,1,"A"
"753","18/12/2019","Ein Frankfurt","FC Koln",2,4,"A"
"754","18/12/2019","Freiburg","Bayern Munich",1,3,"A"
"755","18/12/2019","M'gladbach","Paderborn",2,0,"H"
"756","18/12/2019","Wolfsburg","Schalke 04",1,1,"D"
"757","20/12/2019","Hoffenheim","Dortmund",2,1,"H"
"758","21/12/2019","Bayern Munich","Wolfsburg",2,0,"H"
"759","21/12/2019","FC Koln","Werder Bremen",1,0,"H"
"760","21/12/2019","Mainz","Leverkusen",0,1,"A"
"761","21/12/2019","RB Leipzig","Augsburg",3,1,"H"
"762","21/12/2019","Schalke 04","Freiburg",2,2,"D"
"763","21/12/2019","Hertha","M'gladbach",0,0,"D"
"764","22/12/2019","Fortuna Dusseldorf","Union Berlin",2,1,"H"
"765","22/12/2019","Paderborn","Ein Frankfurt",2,1,"H"
"766","17/01/2020","Schalke 04","M'gladbach",2,0,"H"
"767","18/01/2020","Augsburg","Dortmund",3,5,"A"
"768","18/01/2020","FC Koln","Wolfsburg",3,1,"H"
"769","18/01/2020","Fortuna Dusseldorf","Werder Bremen",0,1,"A"
"770","18/01/2020","Hoffenheim","Ein Frankfurt",1,2,"A"
"771","18/01/2020","Mainz","Freiburg",1,2,"A"
"772","18/01/2020","RB Leipzig","Union Berlin",3,1,"H"
"773","19/01/2020","Hertha","Bayern Munich",0,4,"A"
"774","19/01/2020","Paderborn","Leverkusen",1,4,"A"
"775","24/01/2020","Dortmund","FC Koln",5,1,"H"
"776","25/01/2020","Ein Frankfurt","RB Leipzig",2,0,"H"
"777","25/01/2020","Freiburg","Paderborn",0,2,"A"
"778","25/01/2020","M'gladbach","Mainz",3,1,"H"
"779","25/01/2020","Union Berlin","Augsburg",2,0,"H"
"780","25/01/2020","Wolfsburg","Hertha",1,2,"A"
"781","25/01/2020","Bayern Munich","Schalke 04",5,0,"H"
"782","26/01/2020","Werder Bremen","Hoffenheim",0,3,"A"
"783","26/01/2020","Leverkusen","Fortuna Dusseldorf",3,0,"H"
"784","31/01/2020","Hertha","Schalke 04",0,0,"D"
"785","01/02/2020","Augsburg","Werder Bremen",2,1,"H"
"786","01/02/2020","Dortmund","Union Berlin",5,0,"H"
"787","01/02/2020","Fortuna Dusseldorf","Ein Frankfurt",1,1,"D"
"788","01/02/2020","Hoffenheim","Leverkusen",2,1,"H"
"789","01/02/2020","Mainz","Bayern Munich",1,3,"A"
"790","01/02/2020","RB Leipzig","M'gladbach",2,2,"D"
"791","02/02/2020","FC Koln","Freiburg",4,0,"H"
"792","02/02/2020","Paderborn","Wolfsburg",2,4,"A"
"793","07/02/2020","Ein Frankfurt","Augsburg",5,0,"H"
"794","08/02/2020","Freiburg","Hoffenheim",1,0,"H"
"795","08/02/2020","Hertha","Mainz",1,3,"A"
"796","08/02/2020","Schalke 04","Paderborn",1,1,"D"
"797","08/02/2020","Werder Bremen","Union Berlin",0,2,"A"
"798","08/02/2020","Wolfsburg","Fortuna Dusseldorf",1,1,"D"
"799","08/02/2020","Leverkusen","Dortmund",4,3,"H"
"800","09/02/2020","Bayern Munich","RB Leipzig",0,0,"D"
"801","14/02/2020","Dortmund","Ein Frankfurt",4,0,"H"
"802","15/02/2020","Augsburg","Freiburg",1,1,"D"
"803","15/02/2020","Hoffenheim","Wolfsburg",2,3,"A"
"804","15/02/2020","Paderborn","Hertha",1,2,"A"
"805","15/02/2020","RB Leipzig","Werder Bremen",3,0,"H"
"806","15/02/2020","Union Berlin","Leverkusen",2,3,"A"
"807","15/02/2020","Fortuna Dusseldorf","M'gladbach",1,4,"A"
"808","16/02/2020","FC Koln","Bayern Munich",1,4,"A"
"809","16/02/2020","Mainz","Schalke 04",0,0,"D"
"810","21/02/2020","Bayern Munich","Paderborn",3,2,"H"
"811","22/02/2020","Freiburg","Fortuna Dusseldorf",0,2,"A"
"812","22/02/2020","Hertha","FC Koln",0,5,"A"
"813","22/02/2020","M'gladbach","Hoffenheim",1,1,"D"
"814","22/02/2020","Werder Bremen","Dortmund",0,2,"A"
"815","22/02/2020","Schalke 04","RB Leipzig",0,5,"A"
"816","23/02/2020","Leverkusen","Augsburg",2,0,"H"
"817","23/02/2020","Wolfsburg","Mainz",4,0,"H"
"818","24/02/2020","Ein Frankfurt","Union Berlin",1,2,"A"
"819","28/02/2020","Fortuna Dusseldorf","Hertha",3,3,"D"
"820","29/02/2020","Augsburg","M'gladbach",2,3,"A"
"821","29/02/2020","Dortmund","Freiburg",1,0,"H"
"822","29/02/2020","Hoffenheim","Bayern Munich",0,6,"A"
"823","29/02/2020","Mainz","Paderborn",2,0,"H"
"824","29/02/2020","FC Koln","Schalke 04",3,0,"H"
"825","01/03/2020","Union Berlin","Wolfsburg",2,2,"D"
"826","01/03/2020","RB Leipzig","Leverkusen",1,1,"D"
"827","06/03/2020","Paderborn","FC Koln",1,2,"A"
"828","07/03/2020","Freiburg","Union Berlin",3,1,"H"
"829","07/03/2020","Hertha","Werder Bremen",2,2,"D"
"830","07/03/2020","Leverkusen","Ein Frankfurt",4,0,"H"
"831","07/03/2020","Schalke 04","Hoffenheim",1,1,"D"
"832","07/03/2020","Wolfsburg","RB Leipzig",0,0,"D"
"833","07/03/2020","M'gladbach","Dortmund",1,2,"A"
"834","08/03/2020","Bayern Munich","Augsburg",2,0,"H"
"835","08/03/2020","Mainz","Fortuna Dusseldorf",1,1,"D"
"836","11/03/2020","M'gladbach","FC Koln",2,1,"H"
"837","16/05/2020","Augsburg","Wolfsburg",1,2,"A"
"838","16/05/2020","Dortmund","Schalke 04",4,0,"H"
"839","16/05/2020","Fortuna Dusseldorf","Paderborn",0,0,"D"
"840","16/05/2020","Hoffenheim","Hertha",0,3,"A"
"841","16/05/2020","RB Leipzig","Freiburg",1,1,"D"
"842","16/05/2020","Ein Frankfurt","M'gladbach",1,3,"A"
"843","17/05/2020","FC Koln","Mainz",2,2,"D"
"844","17/05/2020","Union Berlin","Bayern Munich",0,2,"A"
"845","18/05/2020","Werder Bremen","Leverkusen",1,4,"A"
"846","22/05/2020","Hertha","Union Berlin",4,0,"H"
"847","23/05/2020","Freiburg","Werder Bremen",0,1,"A"
"848","23/05/2020","M'gladbach","Leverkusen",1,3,"A"
"849","23/05/2020","Paderborn","Hoffenheim",1,1,"D"
"850","23/05/2020","Wolfsburg","Dortmund",0,2,"A"
"851","23/05/2020","Bayern Munich","Ein Frankfurt",5,2,"H"
"852","24/05/2020","Schalke 04","Augsburg",0,3,"A"
"853","24/05/2020","Mainz","RB Leipzig",0,5,"A"
"854","24/05/2020","FC Koln","Fortuna Dusseldorf",2,2,"D"
"855","26/05/2020","Dortmund","Bayern Munich",0,1,"A"
"856","26/05/2020","Ein Frankfurt","Freiburg",3,3,"D"
"857","26/05/2020","Leverkusen","Wolfsburg",1,4,"A"
"858","26/05/2020","Werder Bremen","M'gladbach",0,0,"D"
"859","27/05/2020","RB Leipzig","Hertha",2,2,"D"
"860","27/05/2020","Augsburg","Paderborn",0,0,"D"
"861","27/05/2020","Fortuna Dusseldorf","Schalke 04",2,1,"H"
"862","27/05/2020","Hoffenheim","FC Koln",3,1,"H"
"863","27/05/2020","Union Berlin","Mainz",1,1,"D"
"864","29/05/2020","Freiburg","Leverkusen",0,1,"A"
"865","30/05/2020","Hertha","Augsburg",2,0,"H"
"866","30/05/2020","Mainz","Hoffenheim",0,1,"A"
"867","30/05/2020","Schalke 04","Werder Bremen",0,1,"A"
"868","30/05/2020","Wolfsburg","Ein Frankfurt",1,2,"A"
"869","30/05/2020","Bayern Munich","Fortuna Dusseldorf",5,0,"H"
"870","31/05/2020","M'gladbach","Union Berlin",4,1,"H"
"871","31/05/2020","Paderborn","Dortmund",1,6,"A"
"872","01/06/2020","FC Koln","RB Leipzig",2,4,"A"
"873","03/06/2020","Werder Bremen","Ein Frankfurt",0,3,"A"
"874","05/06/2020","Freiburg","M'gladbach",1,0,"H"
"875","06/06/2020","Ein Frankfurt","Mainz",0,2,"A"
"876","06/06/2020","Fortuna Dusseldorf","Hoffenheim",2,2,"D"
"877","06/06/2020","Leverkusen","Bayern Munich",2,4,"A"
"878","06/06/2020","RB Leipzig","Paderborn",1,1,"D"
"879","06/06/2020","Dortmund","Hertha",1,0,"H"
"880","07/06/2020","Werder Bremen","Wolfsburg",0,1,"A"
"881","07/06/2020","Union Berlin","Schalke 04",1,1,"D"
"882","07/06/2020","Augsburg","FC Koln",1,1,"D"
"883","12/06/2020","Hoffenheim","RB Leipzig",0,2,"A"
"884","13/06/2020","FC Koln","Union Berlin",1,2,"A"
"885","13/06/2020","Fortuna Dusseldorf","Dortmund",0,1,"A"
"886","13/06/2020","Hertha","Ein Frankfurt",1,4,"A"
"887","13/06/2020","Paderborn","Werder Bremen",1,5,"A"
"888","13/06/2020","Wolfsburg","Freiburg",2,2,"D"
"889","13/06/2020","Bayern Munich","M'gladbach",2,1,"H"
"890","14/06/2020","Mainz","Augsburg",0,1,"A"
"891","14/06/2020","Schalke 04","Leverkusen",1,1,"D"
"892","16/06/2020","M'gladbach","Wolfsburg",3,0,"H"
"893","16/06/2020","Freiburg","Hertha",2,1,"H"
"894","16/06/2020","Union Berlin","Paderborn",1,0,"H"
"895","16/06/2020","Werder Bremen","Bayern Munich",0,1,"A"
"896","17/06/2020","Ein Frankfurt","Schalke 04",2,1,"H"
"897","17/06/2020","Augsburg","Hoffenheim",1,3,"A"
"898","17/06/2020","Dortmund","Mainz",0,2,"A"
"899","17/06/2020","Leverkusen","FC Koln",3,1,"H"
"900","17/06/2020","RB Leipzig","Fortuna Dusseldorf",2,2,"D"
"901","20/06/2020","Bayern Munich","Freiburg",3,1,"H"
"902","20/06/2020","FC Koln","Ein Frankfurt",1,1,"D"
"903","20/06/2020","Fortuna Dusseldorf","Augsburg",1,1,"D"
"904","20/06/2020","Hertha","Leverkusen",2,0,"H"
"905","20/06/2020","Hoffenheim","Union Berlin",4,0,"H"
"906","20/06/2020","Mainz","Werder Bremen",3,1,"H"
"907","20/06/2020","Paderborn","M'gladbach",1,3,"A"
"908","20/06/2020","RB Leipzig","Dortmund",0,2,"A"
"909","20/06/2020","Schalke 04","Wolfsburg",1,4,"A"
"910","27/06/2020","Augsburg","RB Leipzig",1,2,"A"
"911","27/06/2020","Dortmund","Hoffenheim",0,4,"A"
"912","27/06/2020","Ein Frankfurt","Paderborn",3,2,"H"
"913","27/06/2020","Freiburg","Schalke 04",4,0,"H"
"914","27/06/2020","Leverkusen","Mainz",1,0,"H"
"915","27/06/2020","M'gladbach","Hertha",2,1,"H"
"916","27/06/2020","Union Berlin","Fortuna Dusseldorf",3,0,"H"
"917","27/06/2020","Werder Bremen","FC Koln",6,1,"H"
"918","27/06/2020","Wolfsburg","Bayern Munich",0,4,"A"
"919","18/09/2020","Bayern Munich","Schalke 04",8,0,"H"
"920","19/09/2020","Ein Frankfurt","Bielefeld",1,1,"D"
"921","19/09/2020","FC Koln","Hoffenheim",2,3,"A"
"922","19/09/2020","Stuttgart","Freiburg",2,3,"A"
"923","19/09/2020","Union Berlin","Augsburg",1,3,"A"
"924","19/09/2020","Werder Bremen","Hertha",1,4,"A"
"925","19/09/2020","Dortmund","M'gladbach",3,0,"H"
"926","20/09/2020","RB Leipzig","Mainz",3,1,"H"
"927","20/09/2020","Wolfsburg","Leverkusen",0,0,"D"
"928","25/09/2020","Hertha","Ein Frankfurt",1,3,"A"
"929","26/09/2020","Augsburg","Dortmund",2,0,"H"
"930","26/09/2020","Bielefeld","FC Koln",1,0,"H"
"931","26/09/2020","Leverkusen","RB Leipzig",1,1,"D"
"932","26/09/2020","Mainz","Stuttgart",1,4,"A"
"933","26/09/2020","M'gladbach","Union Berlin",1,1,"D"
"934","26/09/2020","Schalke 04","Werder Bremen",1,3,"A"
"935","27/09/2020","Hoffenheim","Bayern Munich",4,1,"H"
"936","27/09/2020","Freiburg","Wolfsburg",1,1,"D"
"937","02/10/2020","Union Berlin","Mainz",4,0,"H"
"938","03/10/2020","Dortmund","Freiburg",4,0,"H"
"939","03/10/2020","Ein Frankfurt","Hoffenheim",2,1,"H"
"940","03/10/2020","FC Koln","M'gladbach",1,3,"A"
"941","03/10/2020","Stuttgart","Leverkusen",1,1,"D"
"942","03/10/2020","Werder Bremen","Bielefeld",1,0,"H"
"943","03/10/2020","RB Leipzig","Schalke 04",4,0,"H"
"944","04/10/2020","Wolfsburg","Augsburg",0,0,"D"
"945","04/10/2020","Bayern Munich","Hertha",4,3,"H"
"946","17/10/2020","Augsburg","RB Leipzig",0,2,"A"
"947","17/10/2020","Freiburg","Werder Bremen",1,1,"D"
"948","17/10/2020","Hertha","Stuttgart",0,2,"A"
"949","17/10/2020","Hoffenheim","Dortmund",0,1,"A"
"950","17/10/2020","Mainz","Leverkusen",0,1,"A"
"951","17/10/2020","Bielefeld","Bayern Munich",1,4,"A"
"952","17/10/2020","M'gladbach","Wolfsburg",1,1,"D"
"953","18/10/2020","FC Koln","Ein Frankfurt",1,1,"D"
"954","18/10/2020","Schalke 04","Union Berlin",1,1,"D"
"955","23/10/2020","Stuttgart","FC Koln",1,1,"D"
"956","24/10/2020","Bayern Munich","Ein Frankfurt",5,0,"H"
"957","24/10/2020","Mainz","M'gladbach",2,3,"A"
"958","24/10/2020","RB Leipzig","Hertha",2,1,"H"
"959","24/10/2020","Union Berlin","Freiburg",1,1,"D"
"960","24/10/2020","Dortmund","Schalke 04",3,0,"H"
"961","25/10/2020","Wolfsburg","Bielefeld",2,1,"H"
"962","25/10/2020","Werder Bremen","Hoffenheim",1,1,"D"
"963","26/10/2020","Leverkusen","Augsburg",3,1,"H"
"964","30/10/2020","Schalke 04","Stuttgart",1,1,"D"
"965","31/10/2020","Augsburg","Mainz",3,1,"H"
"966","31/10/2020","Bielefeld","Dortmund",0,2,"A"
"967","31/10/2020","Ein Frankfurt","Werder Bremen",1,1,"D"
"968","31/10/2020","FC Koln","Bayern Munich",1,2,"A"
"969","31/10/2020","M'gladbach","RB Leipzig",1,0,"H"
"970","01/11/2020","Freiburg","Leverkusen",2,4,"A"
"971","01/11/2020","Hertha","Wolfsburg",1,1,"D"
"972","02/11/2020","Hoffenheim","Union Berlin",1,3,"A"
"973","06/11/2020","Werder Bremen","FC Koln",1,1,"D"
"974","07/11/2020","Augsburg","Hertha",0,3,"A"
"975","07/11/2020","Mainz","Schalke 04",2,2,"D"
"976","07/11/2020","RB Leipzig","Freiburg",3,0,"H"
"977","07/11/2020","Stuttgart","Ein Frankfurt",2,2,"D"
"978","07/11/2020","Union Berlin","Bielefeld",5,0,"H"
"979","07/11/2020","Dortmund","Bayern Munich",2,3,"A"
"980","08/11/2020","Wolfsburg","Hoffenheim",2,1,"H"
"981","08/11/2020","Leverkusen","M'gladbach",4,3,"H"
"982","21/11/2020","Bayern Munich","Werder Bremen",1,1,"D"
"983","21/11/2020","Bielefeld","Leverkusen",1,2,"A"
"984","21/11/2020","Hoffenheim","Stuttgart",3,3,"D"
"985","21/11/2020","M'gladbach","Augsburg",1,1,"D"
"986","21/11/2020","Schalke 04","Wolfsburg",0,2,"A"
"987","21/11/2020","Ein Frankfurt","RB Leipzig",1,1,"D"
"988","21/11/2020","Hertha","Dortmund",2,5,"A"
"989","22/11/2020","Freiburg","Mainz",1,3,"A"
"990","22/11/2020","FC Koln","Union Berlin",1,2,"A"
"991","27/11/2020","Wolfsburg","Werder Bremen",5,3,"H"
"992","28/11/2020","Augsburg","Freiburg",1,1,"D"
"993","28/11/2020","Dortmund","FC Koln",1,2,"A"
"994","28/11/2020","RB Leipzig","Bielefeld",2,1,"H"
"995","28/11/2020","Stuttgart","Bayern Munich",1,3,"A"
"996","28/11/2020","Union Berlin","Ein Frankfurt",3,3,"D"
"997","28/11/2020","M'gladbach","Schalke 04",4,1,"H"
"998","29/11/2020","Leverkusen","Hertha",0,0,"D"
"999","29/11/2020","Mainz","Hoffenheim",1,1,"D"
"1000","04/12/2020","Hertha","Union Berlin",3,1,"H"
"1001","05/12/2020","Bielefeld","Mainz",2,1,"H"
"1002","05/12/2020","Ein Frankfurt","Dortmund",1,1,"D"
"1003","05/12/2020","FC Koln","Wolfsburg",2,2,"D"
"1004","05/12/2020","Freiburg","M'gladbach",2,2,"D"
"1005","05/12/2020","Bayern Munich","RB Leipzig",3,3,"D"
"1006","06/12/2020","Werder Bremen","Stuttgart",1,2,"A"
"1007","06/12/2020","Schalke 04","Leverkusen",0,3,"A"
"1008","07/12/2020","Hoffenheim","Augsburg",3,1,"H"
"1009","11/12/2020","Wolfsburg","Ein Frankfurt",2,1,"H"
"1010","12/12/2020","Dortmund","Stuttgart",1,5,"A"
"1011","12/12/2020","Freiburg","Bielefeld",2,0,"H"
"1012","12/12/2020","Mainz","FC Koln",0,1,"A"
"1013","12/12/2020","M'gladbach","Hertha",1,1,"D"
"1014","12/12/2020","RB Leipzig","Werder Bremen",2,0,"H"
"1015","12/12/2020","Union Berlin","Bayern Munich",1,1,"D"
"1016","13/12/2020","Augsburg","Schalke 04",2,2,"D"
"1017","13/12/2020","Leverkusen","Hoffenheim",4,1,"H"
"1018","15/12/2020","Ein Frankfurt","M'gladbach",3,3,"D"
"1019","15/12/2020","Hertha","Mainz",0,0,"D"
"1020","15/12/2020","Stuttgart","Union Berlin",2,2,"D"
"1021","15/12/2020","Werder Bremen","Dortmund",1,2,"A"
"1022","16/12/2020","Schalke 04","Freiburg",0,2,"A"
"1023","16/12/2020","Bayern Munich","Wolfsburg",2,1,"H"
"1024","16/12/2020","Bielefeld","Augsburg",0,1,"A"
"1025","16/12/2020","FC Koln","Leverkusen",0,4,"A"
"1026","16/12/2020","Hoffenheim","RB Leipzig",0,1,"A"
"1027","18/12/2020","Union Berlin","Dortmund",2,1,"H"
"1028","19/12/2020","Augsburg","Ein Frankfurt",0,2,"A"
"1029","19/12/2020","Mainz","Werder Bremen",0,1,"A"
"1030","19/12/2020","M'gladbach","Hoffenheim",1,2,"A"
"1031","19/12/2020","RB Leipzig","FC Koln",0,0,"D"
"1032","19/12/2020","Schalke 04","Bielefeld",0,1,"A"
"1033","19/12/2020","Leverkusen","Bayern Munich",1,2,"A"
"1034","20/12/2020","Freiburg","Hertha",4,1,"H"
"1035","20/12/2020","Wolfsburg","Stuttgart",1,0,"H"
"1036","02/01/2021","Bielefeld","M'gladbach",0,1,"A"
"1037","02/01/2021","Ein Frankfurt","Leverkusen",2,1,"H"
"1038","02/01/2021","FC Koln","Augsburg",0,1,"A"
"1039","02/01/2021","Hoffenheim","Freiburg",1,3,"A"
"1040","02/01/2021","Werder Bremen","Union Berlin",0,2,"A"
"1041","02/01/2021","Hertha","Schalke 04",3,0,"H"
"1042","02/01/2021","Stuttgart","RB Leipzig",0,1,"A"
"1043","03/01/2021","Dortmund","Wolfsburg",2,0,"H"
"1044","03/01/2021","Bayern Munich","Mainz",5,2,"H"
"1045","08/01/2021","M'gladbach","Bayern Munich",3,2,"H"
"1046","09/01/2021","Freiburg","FC Koln",5,0,"H"
"1047","09/01/2021","Leverkusen","Werder Bremen",1,1,"D"
"1048","09/01/2021","Mainz","Ein Frankfurt",0,2,"A"
"1049","09/01/2021","Schalke 04","Hoffenheim",4,0,"H"
"1050","09/01/2021","Union Berlin","Wolfsburg",2,2,"D"
"1051","09/01/2021","RB Leipzig","Dortmund",1,3,"A"
"1052","10/01/2021","Augsburg","Stuttgart",1,4,"A"
"1053","10/01/2021","Bielefeld","Hertha",1,0,"H"
